,FoodItem,Item.No,Category,Palatability,Energy_levels,Energy_levels2,NOVA_Group,NOVA_Group2,Liking,Familiarity,Healthiness,Expected_Satiation,Frequency_of_consumption,Energy_content,Estimated_ED,Carbohydrate,Fat,Protein,Fibre,Sugars,Starch_Polyols,SatFat,Salt,Sodium,Energy_density,Portion,Actual_price,red,green,blue,Object_size,Brightness,Within_object_contrast,complexity,norm_complexity,Spatial_frequency,meanpow,visual_area_px,visual_area_cm2
1,Arkijuustoviipale / Finnish cheese slices ,1,Fat,Not HPF,MED,HED,PF,MPF,61.37096774,72.47419355,44.94193548,50.22741935,6.322580645,133.1070968,68.12741935,0,8.7528,9.8469,0,0,0,5.1058,0.54705,0.215204563,3.29,36.47,0.330175067,0.33970298,0.33655351,0.323743509,0.99999867,53.2725816,23.57747,0.024677635,0.024677668,15.64301,16.62813,319367,50.35994296
12,Burgeri / Burger,2,Combo,HPF,MED,HED,UPF,UPF,65.06451613,81.90322581,29.55645161,56.25483871,4.064516129,163.3122581,66.73709677,18.3288,3.0548,5.2368,0,2.35656,15.97224,0.61096,0.56732,0.2231786,2.75,43.64,0.37094,0.343019689,0.336270315,0.320709996,0.999999252,60.89897911,29.61611,0.029721318,0.02972134,16.40475,17.19942,445538,70.25543737
23,Cashewpähkinä / Cashew nuts,3,Fat,Not HPF,HED,VHED,MPF,MPF,62.91935484,80.41774194,71.31612903,44.98548387,6.548387097,122.9767742,71.90645161,3.96,9.52,4.1,1.04,1.3,2.66,1.8,0.004,0.001573564,6,20,0.35,0.339927336,0.336111859,0.323960805,0.999995261,62.5400422,24.3554,0.023640134,0.023640246,16.69654,17.42815,252291,39.7829468
34,Cheddar viipaleet / Cheddar cheese slices,4,Fat,HPF,MED,HED,UPF,UPF,59.05645161,73.25322581,29.59354839,29.58709677,3.161290323,107.2103226,66.05967742,1.905,7.3025,4.445,0,1.905,0,4.826,1.11125,0.437155783,2.87,31.75,0.2619375,0.344431414,0.336732947,0.318835639,0.99999709,64.50615002,23.10822,0.020989436,0.020989498,16.76004,17.41369,525659,82.88945713
45,Cola kumikarhut / Cola gummy bears,5,Carbohydrate,Not HPF,MED,HED,UPF,UPF,58.94354839,76.74516129,6.541935484,17.46290323,1.35483871,106.6103226,68.44032258,27.38957,0,2.03547,0,17.24793,10.14164,0,0.007142,0.002809599,3.36,35.71,0.213069667,0.342957114,0.335802637,0.321240249,0.999996259,62.96774786,27.35792,0.024294807,0.024294898,16.29952,17.19591,325639,51.34895423
56,Goudajuustoviipale / Gouda cheese slices,6,Fat,Not HPF,MED,HED,PF,MPF,65.98387097,75.93870968,43.40483871,35.4516129,6.548387097,98.13290323,64.12258065,0,9.73152,8.05728,0,0,0,6.73184,0.59296,0.233265146,3.44,34.88,0.3706,0.340686939,0.337346014,0.321967047,0.999999002,58.10156649,21.6764,0.020962834,0.020962855,16.71239,17.33224,749208,118.1401715
67,Grillimakkara / Grilled sausage,7,Fat,HPF,MED,HED,UPF,UPF,55.67741935,79.90806452,31.42903226,52.44193548,1.806451613,128.5277419,63.63387097,4.7899,9.5798,3.83192,0.20168,0.05042,4.73948,3.88234,1.0084,0.396695515,2.38,50.42,0.3138645,0.342896151,0.335363846,0.321740003,0.999994098,60.1309586,29.26792,0.025495664,0.025495815,15.86145,16.82496,439626,69.32319333
71,Hedelmäinen makeissekoitus / Fruit flavored sweet mix,8,Carbohydrate,Not HPF,MED,HED,UPF,UPF,59.89516129,72.6016129,6.885483871,22.01774194,3.048387097,109.9935484,67.54032258,27.584,0.1724,2.0688,0,18.2744,9.3096,0,0.041376,0.016276947,3.48,34.48,0.265003429,0.341799592,0.336841496,0.321358912,0.999996425,60.0863997,25.19957,0.020340999,0.020341071,16.1307,16.97866,241476,38.07756464
72,Hedelmämysli / Fruit muesli,9,Carbohydrate,Not HPF,MED,HED,PF,MPF,57.88709677,74.3016129,59.45483871,45.57258065,4.85483871,112.6412903,58.29032258,23.65948,1.26503,2.42749,2.11978,9.5732,14.08628,0.61542,0.010257,0.004035012,3.51,34.19,0.159097467,0.338145361,0.333977898,0.327876741,1,48.79442948,28.90903,0.029407303,0.029407303,17.72935,18.49949,384349,60.60674308
2,Hot wings ,10,Fat,Not HPF,MED,HED,UPF,UPF,58.12096774,74.76612903,37.85483871,39.06290323,1.806451613,126.7122581,65.33387097,2.14704,7.82775,9.93006,0.26838,0.22365,1.92339,1.47609,0.53676,0.21115657,2.683,44.73,1.2425,0.342227185,0.334938156,0.322834659,0.999998337,57.53898093,32.33099,0.020925008,0.020925043,16.7198,17.48805,283105,44.64190618
3,Jauhelihapizza / Minced meat pizza,11,Combo,Not HPF,MED,HED,UPF,UPF,58.7016129,70.22580645,29.88548387,51.27096774,2.032258065,145.4709677,70.16290323,13.5,5,4.55,0,1.75,11.75,1.65,0.45,0.177025964,2.4,50,0.2625,0.345111441,0.335851097,0.319037462,0.999998337,59.37811562,32.02324,0.03022261,0.030222661,16.70808,17.45727,444348,70.06779014
4,Juustosnacks / Cheese snacks,12,Combo,Not HPF,HED,VHED,UPF,UPF,58.73387097,76.64193548,9.217741935,31.74516129,0.903225806,154.9354839,60.47419355,11.1282,7.2006,2.182,0,0.78552,10.34268,1.35284,0.39276,0.154508261,5.5,21.82,0.193130213,0.355668459,0.337381833,0.306949707,1,50.83094004,29.60786,0.025085104,0.025085104,16.98003,17.72552,2001627,315.630048
5,Kaakaomuffinssit vaniljacremetäytteellä / Chocolate muffins with vanilla cream filling ,13,Combo,HPF,HED,VHED,UPF,UPF,57.26612903,48.42903226,13.44677419,38.86774194,0.225806452,138,68.72258065,13.0683,6.6675,1.04013,0,8.2677,4.8006,1.76022,0.250698,0.098622345,4.5,26.67,0.43227625,0.340063163,0.335477297,0.32445954,0.999997589,54.30095251,31.2732,0.021362288,0.02136234,16.86529,17.55402,205006,32.32672902
6,Kaakaorengas tai pallo / Cocoa hoops,14,Carbohydrate,Not HPF,MED,HED,UPF,UPF,57.59677419,58.61451613,18.6,33.13225806,0.677419355,137.4232258,59.90322581,22.73188,1.23474,3.0077,2.91272,7.4401,15.29178,0.41158,0.18996,0.07472856,3.79,31.66,0.148802,0.340776797,0.335735153,0.32348805,0.99997639,72.17672386,39.4973,0.030788747,0.030789474,17.41726,18.09575,105785,16.68089241
7,Kabanossi / Kabanos-style sausage,15,Fat,HPF,MED,HED,UPF,UPF,55.70967742,65.67903226,30.29354839,49.31935484,1.35483871,110.3341935,62.50645161,1.07824,10.3136,5.6256,0,0.4688,0.60944,3.42224,1.03136,0.405727773,2.56,46.88,0.3809,0.342026343,0.336348182,0.321625475,0.999993349,56.66989896,27.86222,0.023036588,0.023036741,16.37754,17.1321,218507,34.45565777
8,Kananugetit / Chicken nuggets,16,Combo,Not HPF,MED,HED,UPF,UPF,65.5483871,80.50322581,22.70806452,44.42903226,3.048387097,149.2219355,68.74516129,9.04912,5.9016,7.72126,0.44262,0.34426,8.70486,0.68852,0.54098,0.21281668,2.44,49.18,2.50818,0.343903117,0.336682275,0.319414607,0.999998088,59.29419819,28.37708,0.029809439,0.029809496,16.74804,17.45171,35165,5.545054418
9,Kandisokerikeksejä / Caramelized sugar & cinnamon biscuit,17,Combo,HPF,HED,VHED,UPF,UPF,57.28225806,53.77258065,17.30806452,28.81612903,0.451612903,126.2864516,62.67903226,9.796,4.898,1.15103,0,9.796,0,2.40002,0.19592,0.077073171,4.9,24.49,0.225119615,0.345736837,0.335928625,0.318334539,0.999993599,61.02139188,34.03492,0.02425906,0.024259215,17.18403,17.83466,403522,63.63007106
10,Kermajuusto / High-fat mild cheese,18,Fat,Not HPF,MED,HED,PF,MPF,66.94354839,78.69193548,40.61129032,50.10483871,10.0483871,137.6980645,70.22741935,0,9.5613,8.2425,0,0,0,5.6049,0.42861,0.16861133,3.64,32.97,0.2960706,0.340720767,0.336947259,0.322331974,0.999998919,57.71014626,24.29153,0.025781226,0.025781254,15.72404,16.69692,363859,57.37574166
11,Korvapuusti / Cinnamon bun,19,Combo,HPF,MED,HED,UPF,UPF,69.12096774,83.60645161,21.67419355,37.49516129,2.709677419,127.6219355,66.27903226,16.7284,4.5038,2.34841,0,6.1123,10.6161,0.90076,0.244492,0.09618096,3.73,32.17,0.224117667,0.343084497,0.335944064,0.320971439,0.999994264,61.69518538,28.73077,0.025504809,0.025504955,16.86728,17.502,276814,43.64989886
13,Kuivatut taatelit / Dried dates,20,Carbohydrate,Not HPF,MED,HED,PF,MPF,51.96774194,54.72741935,63.17258065,48.4,1.580645161,134.2993548,62.70483871,27.6624,0.08136,1.34244,1.6272,27.6624,0,0.04068,0.008136,0.003200629,2.95,40.68,0.31527,0.342195695,0.334241658,0.323562647,0.999993599,64.67577182,36.9071,0.019301004,0.019301127,17.0838,17.75786,337941,53.28881658
14,Lakritsi kermajäätelöä / Liquorice ice cream,21,Combo,HPF,MED,HED,UPF,UPF,49.32258065,58.02741935,18.71290323,28.87580645,0.677419355,131.6167742,63.12258065,16.6005,5.6916,1.09089,0,12.8061,3.7944,2.32407,0.080631,0.031719512,2.53,47.43,0.271405,0.338015505,0.336108545,0.32587595,0.99998753,56.88867427,31.92087,0.031980043,0.031980442,17.07087,17.82061,165868,26.15518516
15,Lakritsipatukka / Salty liquorice bar,22,Carbohydrate,Not HPF,MED,HED,UPF,UPF,53.57258065,73.51774194,22.88387097,24.97419355,1.580645161,96.61548387,61.51612903,27.892,0.1468,1.2845,0,17.249,10.643,0,0.15414,0.060637293,3.27,36.7,0.58490625,0.3382323,0.336337488,0.325430212,0.999992601,55.41867682,31.98997,0.014792282,0.014792392,16.85485,17.40664,179290,28.27165666
16,Lauantaimakkara / Mild cold cuts (sausage),23,Fat,HPF,MED,MED,UPF,UPF,47.95967742,68.59193548,31.45645161,51.46129032,1.241935484,139.4554839,63.13870968,2.79812,10.2239,4.25099,0,0,2.79812,3.7667,1.02239,0.402199056,2.23,53.81,0.298944444,0.340175459,0.335134282,0.32469026,0.999999335,62.1826825,24.88498,0.021970822,0.021970837,16.83368,17.4433,422191,66.57392491
17,Maapähkinä / Roasted & Salted peanuts,24,Fat,Not HPF,HED,VHED,PF,MPF,62.32258065,80.85322581,48.22258065,45.88225806,4.741935484,143.9380645,74.57580645,2.1329,9.92768,4.73116,1.58998,1.00828,1.12462,1.51242,0.48475,0.190696302,6.19,19.39,0.1056755,0.342989981,0.336525901,0.320484119,0.999995843,61.29651611,26.50304,0.024389995,0.024390096,16.71905,17.44897,310255,48.92310133
18,Maissihiutaleet / Cornflakes,25,Carbohydrate,Not HPF,MED,HED,UPF,UPF,53.94354839,72.86774194,44.37903226,32.24354839,0.564516129,104.6554839,47.21612903,25.625,0.59375,2.65625,0,2.03125,23.59375,0.09375,0.46875,0.184402046,3.84,31.25,0.090625,0.345522997,0.338245991,0.316231011,0.999925762,66.22012173,29.93391,0.039926733,0.039929697,16.97921,17.79247,148353,23.39330181
19,Maitosuklaa / Milk chocolate,26,Combo,HPF,HED,VHED,UPF,UPF,70.11290323,87.48387097,17.55322581,32.69193548,6.887096774,129.8903226,72.9983871,10.6918,7.2006,2.4002,0,10.4736,0.2182,4.5822,0.07637,0.030043273,5.5,21.82,0.271659,0.340706646,0.336044347,0.323249007,0.999994763,61.6069309,29.25437,0.020077467,0.020077572,16.60068,17.32158,210672,33.22018212
20,Maitosuklaalla kuorrutettu minttutryffeli / Milk chocolate covered mint truffle,27,Combo,HPF,HED,VHED,UPF,UPF,59.82258065,69.3,10.88387097,29.6983871,1.919354839,132.1896774,72.62903226,14.604,6.3284,0.8519,0,13.1436,1.4604,3.1642,0.021906,0.008617624,4.93,24.34,0.293818571,0.340311309,0.335708425,0.323980265,0.999992518,58.60798428,29.41054,0.019180461,0.019180604,16.68232,17.4062,224815,35.45034577
21,Maitosuklaalla kuorrutettu rapea maissipuffi / Chocolate covered crunchy corn puffs,28,Combo,HPF,HED,VHED,UPF,UPF,63.29032258,65.43387097,16.78225806,26.66612903,0.677419355,125.2025806,60.02903226,12.7851,7.1776,1.54767,0,10.7664,2.0187,4.486,0.058318,0.022941778,5.35,22.43,0.355141667,0.343489503,0.335374251,0.321136246,0.999992019,63.9390357,34.53046,0.021913876,0.021914051,16.75586,17.49639,349623,55.13091314
22,Maitosuklaalla kuorrutettu toffeekaramelli / Milk chocolate covered caramel fudge ,29,Combo,HPF,HED,VHED,UPF,UPF,59.86290323,68.5,10.63064516,25.44193548,1.919354839,102.843871,72.85,16.7112,5.3172,0.86088,0,13.4196,3.2916,3.798,0.081024,0.031874115,4.74,25.32,0.309594545,0.339664902,0.336017714,0.324317384,0.999995178,61.15423445,27.33742,0.019167575,0.019167668,16.52019,17.20749,127428,20.09370665
24,Maitosuklaata ja mantelia / Chocolate bar with almonds,30,Combo,HPF,HED,VHED,UPF,UPF,62.33064516,58.8516129,20.01935484,39.85645161,1.35483871,143.8141935,71.86129032,16.5504,5.172,1.62918,0,14.7402,1.8102,2.586,0.11637,0.045778914,4.64,25.86,0.3879,0.339604395,0.335927948,0.324467657,0.999995511,61.26838754,27.01153,0.019801465,0.019801554,16.64528,17.35494,156109,24.61632021
25,Mantelit / Almonds,31,Fat,Not HPF,HED,VHED,MPF,MPF,58.72580645,76.45967742,74.95967742,42.56612903,5.64516129,125.2993548,68.22258065,1.0044,10.416,4.5012,2.0832,0.8184,0.186,0.9114,0.00372,0.001463415,6.45,18.6,0.23157,0.342206245,0.335701705,0.32209205,0.999994596,64.99479412,29.66493,0.021824508,0.021824626,16.93105,17.62862,274453,43.27760046
26,Marjainen myslipatukka / Muesli cranberry bar ,32,Carbohydrate,Not HPF,MED,HED,UPF,UPF,56.89516129,66.91774194,47.22258065,43.94032258,1.467741935,134.5819355,63.9983871,21.4305,2.24196,2.17602,0,10.2207,11.2098,1.08801,0.13188,0.051880409,3.64,32.97,0.547302,0.340445211,0.335929605,0.323625184,0.999998337,57.66787185,26.67723,0.026745154,0.026745199,16.62613,17.44917,286502,45.17756806
27,Mix-makuiset karkit / Mix flavor candies,33,Carbohydrate,Not HPF,MED,HED,UPF,UPF,59.03225806,77.62258065,8.714516129,22.89032258,3.048387097,127.683871,68.47419355,28.73,0.169,0.676,0,18.928,9.802,0,0.21294,0.083768686,3.55,33.8,0.279091429,0.341212533,0.33565864,0.323128827,0.999993931,56.49531429,30.80915,0.018282208,0.018282319,17.5888,18.08171,334131,52.68803007
28,Monivilja rinkula / Multigrain hoops,34,Carbohydrate,Not HPF,MED,HED,UPF,UPF,53.62096774,56.72258065,42.98387097,40.09193548,0.903225806,129.9174194,51.60322581,22.1421,1.25151,3.11273,3.8508,3.209,18.9331,0.19254,0.198958,0.078268293,3.74,32.09,0.149753333,0.343239086,0.336908228,0.319852686,0.999836394,62.93647694,33.06756,0.03865646,0.038662785,17.18527,18.05279,152571,24.0584245
29,Mozzarella ,35,Fat,Not HPF,MED,HED,PF,MPF,72.18548387,84.44677419,48.64516129,40.71774194,6.661290323,107.2258065,60.24677419,0.72585,9.1941,8.46825,0,0.72585,0,6.24231,0.24195,0.09518096,2.48,48.39,0.561324,0.33871663,0.336398686,0.324884683,0.99999867,56.81031994,24.416,0.021526892,0.02152692,15.66186,16.6186,184960,29.16574051
30,Munat / (Hard boiled) Eggs,36,Fat,Not HPF,LED,LED,MPF,MPF,60.99193548,84.16290323,74.57419355,59.95483871,9.032258065,124.0993548,58.54516129,0.26865,9.22365,11.19375,0,0.26865,0,2.1492,0.30447,0.119775767,1.44,89.55,0.322688793,0.339427318,0.33685462,0.323718063,0.999999002,57.79272499,24.10386,0.022397711,0.022397733,15.66621,16.62159,334049,52.67509976
31,Muromysli hedelmien kanssa / Granola with fruit,37,Combo,HPF,HED,VHED,UPF,UPF,63.00806452,69.08870968,56.2,42.59032258,4.177419355,115.8464516,59.28870968,18.55315,3.95395,1.7143,1.6037,6.9125,11.64065,2.01845,0.1659,0.065263572,4.34,27.65,0.137789167,0.340915489,0.336660012,0.322424499,0.999968077,60.39124183,28.90018,0.034405866,0.034406965,17.13912,17.83515,144757,22.82626027
32,Mustaleima emmental / Strong emmental cheese,38,Fat,Not HPF,LED,HED,PF,MPF,61.00806452,65.17258065,42.90967742,42.93225806,3.5,120.363871,69.46129032,0,9.4178,8.8102,0,0,0,6.076,0.21266,0.083658537,3.95,30.38,0.576207333,0.338953898,0.336242261,0.324803841,0.999998753,55.16134357,23.62378,0.021985371,0.021985398,15.59487,16.56473,186277,29.37341396
33,Mustat oliivit / Black olives,39,Fat,HPF,LED,LED,UPF,UPF,50.92741935,67.0516129,64.98548387,35.40967742,2.822580645,113.2683871,45.23709677,0,12.7868,0.4918,2.9508,0,0,2.16392,2.459,0.967348544,1.22,98.36,0.7930275,0.337028237,0.336526231,0.326445532,0.999816858,66.24944135,43.26812,0.029455292,0.029460688,16.8147,17.78844,140146,22.09916668
35,Neljän viljan hiutale / Multi grain oatmeal,40,Carbohydrate,Not HPF,MED,HED,MPF,MPF,56.66129032,68.99032258,76.52741935,57.69516129,5.758064516,114.5496774,47.71774194,21.92337,0.98532,3.69495,4.25799,0.31671,21.60666,0.17595,0.003519,0.001384343,3.41,35.19,0.04347,0.338004484,0.334088239,0.327907277,1,46.42476556,28.26654,0.029974132,0.029974132,17.56346,18.47552,578819,91.27208454
36,Omena Lettiviineri / Apple pockets,41,Combo,Not HPF,MED,HED,UPF,UPF,60.81451613,48.74193548,19.78709677,36.88225806,0.677419355,131.9767742,65.63225806,13.182,6.422,2.028,0.6422,4.732,8.45,3.718,0.2028,0.079779701,3.55,33.8,0.359125,0.34307876,0.336098288,0.320822952,0.999991853,56.28175824,30.33987,0.02274396,0.022744145,17.17284,17.82142,279550,44.0813298
37,Pähkinäsuklaa-myslipatukka / Muesli chocolate & Hazelnut bar,42,Combo,HPF,MED,HED,UPF,UPF,56.72580645,61.57741935,46.56612903,44.75483871,1.580645161,138.4722581,69.10322581,22.68336,2.86839,2.3079,0,11.07792,11.60544,2.3079,0.085722,0.033722266,3.64,32.97,0.382818333,0.339769717,0.336244012,0.323986272,0.999998753,57.77736707,25.61461,0.02374031,0.023740339,16.73278,17.49606,183935,29.0041116
38,Pehmeät toffeekarkit / Cream fudge candies,43,Carbohydrate,Not HPF,HED,VHED,UPF,UPF,55.08064516,66.94354839,10.15645161,27.06774194,0.677419355,124.5406452,72.71774194,23.4392,2.56984,0.53656,0,19.768,3.6712,1.32728,0.12708,0.049992132,4.25,28.24,0.383807273,0.34035148,0.336374207,0.323274314,0.999995677,60.11661699,23.87353,0.023522917,0.023523018,15.88087,16.77916,244838,38.60770748
39,Pekoni / Bacon,44,Fat,HPF,MED,HED,UPF,UPF,62.48387097,78.66129032,23.55,44.18225806,3.161290323,138.1277419,73.93709677,0.1125,11.25,4.5,0,0.1125,0,4.5,0.825,0.3245476,3.2,37.5,0.549264706,0.341826151,0.334513616,0.323660233,0.99999443,58.16484855,27.11977,0.030955844,0.030956016,16.78424,17.45882,505296,79.67848193
40,Pienet ananaspalat / Pineapple,45,Carbohydrate,Not HPF,LED,VLED,UPF,UPF,61.31451613,77.72903226,69.47903226,44.3516129,2.822580645,124.7341935,39.41451613,28.8886,0,0,0,28.8886,0,0,0,0,0.54,222.22,1.825378571,0.348889988,0.339926419,0.311183593,0.999998504,59.07290338,25.88306,0.029529696,0.02952974,16.28336,17.0968,1247877,196.7736633
41,Pika-kaurahiutale / Oatmeal,46,Carbohydrate,Not HPF,MED,HED,MPF,MPF,59.16129032,84.22096774,76.03548387,57.07580645,10.83870968,106.5096774,45.85967742,17.901,2.48625,4.641,3.6465,0.36465,17.53635,0.43095,0.003315,0.001304091,3.62,33.15,0.036465,0.339789982,0.336531727,0.323678291,0.999977305,64.71335844,26.751,0.03973428,0.039735182,17.23052,17.98668,211701,33.38244178
42,Pinaattiohukainen / Spinach pancakes,47,Combo,HPF,MED,MED,UPF,UPF,61.31451613,79.2516129,61.36129032,45.41129032,2.258064516,105.9445161,49.57903226,17.6639,3.59369,3.59369,1.09638,1.2182,16.4457,0.48728,0.6091,0.239614477,1.97,60.91,0.25734475,0.343386145,0.339369471,0.317244384,0.999996176,63.82729978,33.1539,0.035739321,0.035739457,17.11166,17.71357,629950,99.33476554
43,Piparminttu-suklaakaramelli / Chocolate filled mint candies,48,Combo,HPF,HED,VHED,UPF,UPF,53.78225806,76.94193548,11.26612903,22.51612903,1.129032258,119.6206452,69.07419355,22.1646,2.9733,0.45951,0,18.921,3.2436,1.83804,0.005406,0.002126672,4.44,27.03,0.342789545,0.338499385,0.336251507,0.325249108,0.999991687,57.9745311,22.86762,0.025737997,0.025738211,16.66532,17.38443,219601,34.62816707
44,Poimuperunalastu / Ridged potato chips,49,Combo,Not HPF,HED,VHED,UPF,UPF,63.16935484,80.44193548,11.40483871,35.87903226,4.290322581,146.1793548,66.64516129,12.4062,7.0587,1.36896,0,0.08556,12.32064,0.57753,0.27807,0.109390244,5.61,21.39,0.163880308,0.348203038,0.33982529,0.311971672,0.999995345,63.43767265,25.23595,0.036951401,0.036951573,16.75657,17.4589,1234536,194.6699645
46,Ranskalaiset perunat / French fries,50,Combo,Not HPF,MED,HED,UPF,UPF,71.88709677,85.80967742,21.26612903,50.27258065,5.306451613,157.8154839,69.88064516,14.9688,5.8212,1.41372,1.4553,0.12474,14.84406,0.54054,0.12474,0.049071597,2.886,41.58,0.96525,0.345940903,0.33771061,0.316348487,0.999999086,61.07305659,25.93648,0.036427662,0.036427696,16.41133,17.18682,892337,140.7097177
47,Riisipiirakka / Finnish rice pasties,51,Combo,HPF,LED,MED,UPF,UPF,68.33064516,86.43225806,61.29032258,51.07580645,7.112903226,114.8554839,53.54516129,19.355,2.86454,2.78712,1.85808,1.47098,17.88402,0.23226,0.611618,0.240605035,1.55,77.42,0.224733056,0.339981403,0.33614389,0.323874706,0.99999867,59.71384501,27.47263,0.025181421,0.025181455,17.17467,17.83168,492590,77.67491413
48,Ruisnäkkäri / Rye crispbread,52,Carbohydrate,Not HPF,MED,HED,PF,MPF,58.05645161,80.53064516,70.24677419,44.83387097,2.596774194,96.26322581,43.38387097,21.4659,1.02051,3.20229,5.9823,0.95013,20.51577,0.24633,0.49266,0.193808025,3.41,35.19,0.17155125,0.348804276,0.336195959,0.314999764,0.999995843,69.16249987,37.26387,0.063442168,0.063442432,18.39319,18.85661,1050344,165.6253274
49,Ruissipsi / Rye chips,53,Carbohydrate,Not HPF,MED,HED,PF,MPF,61.88709677,74.05,54.81451613,48.74193548,1.467741935,129.6270968,52.08064516,21.684,0.83122,3.614,6.1438,0.3614,21.3226,0.10842,0.46982,0.184822974,3.32,36.14,0.696297333,0.353915818,0.335480608,0.310603574,0.999994014,66.78147193,45.11461,0.048570078,0.048570369,17.64852,18.28279,1003190,158.1897666
50,Rusinat / Raisins,54,Carbohydrate,Not HPF,MED,HED,PF,MPF,52.75806452,80.64677419,60.31935484,35.48225806,1.806451613,117.3716129,59.02580645,26.98724,0.23604,0.9835,2.04568,26.63318,0.35406,0.07868,0.01967,0.007738002,3.05,39.34,0.2187304,0.345426014,0.334058937,0.320515049,0.999996259,67.12712068,42.80278,0.023995944,0.023996034,17.92427,18.4982,633768,99.93681354
51,Rustiikkinen vehnäsämpylä / Whole grain wheat bun,55,Carbohydrate,HPF,MED,HED,PF,MPF,65.09677419,73.32419355,53.79193548,51.39354839,6.548387097,105.0503226,51.72258065,23.6131,0.62647,4.38529,1.20475,1.20475,22.40835,0.24095,0.62647,0.246447679,2.49,48.19,0.33130625,0.344394707,0.336603145,0.319002149,0.999993682,57.43735707,30.10754,0.031871139,0.03187134,16.84795,17.56457,761353,120.055277
52,Savulohisandwich / Smoked salmon sandwich,56,Combo,Not HPF,MED,HED,UPF,UPF,68,70.23387097,68.26612903,62.3,1.806451613,162.7548387,61.56129032,9.3906,6.7821,5.00832,0,0.99123,8.39937,0.78255,0.36519,0.14366247,2.3,52.17,1.030978571,0.343247141,0.33617248,0.320580379,0.999998504,58.53074169,32.43024,0.030784174,0.03078422,17.01194,17.69728,406108,64.03784898
53,Sinihomejuusto / Blue cheese,57,Fat,HPF,MED,HED,PF,MPF,57.9516129,73.34677419,41.57419355,45.31612903,2.483870968,146.0012903,71.14032258,0,10.1805,7.0955,0,0,0,6.4785,0.77125,0.303402832,3.89,30.85,0.551106796,0.338036223,0.336117487,0.32584629,0.999998504,54.43052628,24.83887,0.022122956,0.022122989,16.18042,17.07255,214369,33.80315002
54,Suklaapatukkka hasselpähkinäkreemillä / Chocolate  bar with hazenut cream,58,Combo,HPF,HED,VHED,UPF,UPF,65.71774194,74.07741935,11.44677419,26.81129032,0.903225806,135.956129,71.20967742,10.3851,7.82554,1.80428,0.4196,8.64376,1.74134,3.62954,0.056646,0.022284028,5.72,20.98,0.463511628,0.340815346,0.335804684,0.32337997,0.999992601,54.80274228,32.85873,0.01837698,0.018377116,16.24727,17.07809,272887,43.03066301
55,Suolaisia perunalastuja / Salty potato chips,59,Combo,Not HPF,HED,VHED,UPF,UPF,68.19354839,83.48064516,12.26612903,30.95967742,5.193548387,136.4051613,65.63709677,12.5832,6.9657,1.32573,0.78645,0.26964,12.31356,0.62916,0.24717,0.097234461,5.34,22.47,0.2078475,0.354911058,0.341509862,0.30357908,0.999995345,65.6556389,25.98439,0.034181823,0.034181982,16.72963,17.46313,1467637,231.4269026
57,Suolakeksi / Salted crackers,60,Combo,Not HPF,HED,VHED,UPF,UPF,60.63709677,78.19032258,29.56451613,33.17741935,1.693548387,115.7496774,51.37741935,16.7835,4.7595,2.1042,0.6012,1.77855,15.00495,0.47595,0.42585,0.16752557,4.79,25.05,0.738975,0.345360807,0.337155953,0.31748324,0.999993682,55.60461847,26.99483,0.033242835,0.033243045,16.59149,17.36199,777012,122.5244938
58,Suolatut riisikakut / Salted rice cakes,61,Carbohydrate,Not HPF,MED,HED,PF,MPF,59.35483871,71.5483871,55.91774194,37.53387097,2.483870968,99.96,29.48548387,24.2502,1.15033,2.64265,1.05706,0.21763,24.03257,0.21763,0.099488,0.039137687,3.86,31.09,0.188931538,0.341852663,0.336569089,0.321578248,0.999997257,64.39347695,27.03198,0.036355752,0.036355852,16.80418,17.55001,703521,110.9359371
59,Täytekeksi vanilja / Vanilla biscuits,62,Combo,HPF,HED,VHED,UPF,UPF,63.06451613,76.47580645,14.50322581,23.17258065,1.35483871,95.98451613,64.62258065,17.2176,4.8108,1.36728,0.68364,9.6216,7.596,1.36728,0.187368,0.073708891,4.74,25.32,0.287727273,0.339307323,0.335915332,0.324777345,0.999993432,55.10148228,34.4119,0.018031562,0.01803168,16.76053,17.4996,269099,42.43334562
60,Uunilenkki / Oven sausage,63,Fat,HPF,MED,MED,UPF,UPF,51.02419355,70.2,31.99516129,48.02580645,1.129032258,109.4787097,61.95967742,4.9095,8.728,6.0005,0.1091,0.5455,4.364,3.8185,0.8728,0.343351692,2.2,54.55,0.27138625,0.342733217,0.335126896,0.322139887,0.999993432,56.79485253,28.61876,0.023147987,0.023148139,15.81015,16.73572,447078,70.49827496
61,Vaahtokarkit / Marshmellow candies,64,Carbohydrate,Not HPF,MED,HED,UPF,UPF,48.99193548,71.30806452,7.120967742,27.70322581,0.225806452,154.9974194,64.00322581,28.53229,0,1.4284,0,24.13996,4.39233,0,0,0,3.36,35.71,0.189263,0.341027388,0.336547205,0.322425406,0.999994513,65.42036975,25.29123,0.027841679,0.027841832,16.97925,17.66267,324170,51.1173124
62,Välipalakaurakeksi tumma suklaa / Chocolate snack biscuit,65,Combo,Not HPF,HED,VHED,UPF,UPF,59.65322581,74.72419355,49.50806452,46.1,3.048387097,120.7354839,59.68548387,15.2361,4.8114,2.43243,2.37897,5.346,9.8901,0.88209,0.264627,0.104101888,4.49,26.73,0.284229,0.342382458,0.33625379,0.321363752,0.99999576,62.4503398,25.92819,0.02686445,0.026864564,16.21518,17.05491,908464,143.2527319
63,Vaniljakreemidonitsi / Vanilla cream donut ,66,Combo,HPF,HED,VHED,UPF,UPF,59.5,57.89032258,9.580645161,33.68870968,0.564516129,124.7458065,72.83870968,11.75,7.5,1.175,0.35,6.4,5.35,3.825,0.0975,0.038355625,4.8,25,0.303571429,0.340133901,0.336571163,0.323294936,0.999992767,55.59020353,25.023,0.021090443,0.021090596,16.68301,17.43637,182708,28.81062996
64,Vehnäsämpylä / Wheat bun,67,Carbohydrate,Not HPF,MED,HED,PF,MPF,61.96774194,77.85967742,42.54354839,48.55806452,6.774193548,114.9212903,50.89677419,24,0.48,4.224,1.392,1.536,22.464,0.144,0.48,0.188827695,2.5,48,0.332307692,0.34470114,0.337130246,0.318168614,0.999993599,62.24578308,29.27168,0.035712718,0.035712947,16.64053,17.39029,797425,125.7433533
65,Vihreät oliivit / Green olives,68,Fat,HPF,MED,MED,UPF,UPF,53.7983871,73.76935484,65.05322581,35.70806452,4.741935484,100.2658065,44.12903226,0.6283,13.1943,0.75396,0,0,0.6283,1.75924,1.8849,0.741502754,1.91,62.83,0.8136485,0.340206439,0.336810801,0.32298276,0.999954859,59.66180155,31.87349,0.028375394,0.028376675,16.68384,17.67947,138250,21.80019261
66,Voileipäkeksi / Cream crackers,69,Combo,Not HPF,HED,VHED,PF,MPF,52.72580645,70.66935484,40.08870968,32.26935484,0.677419355,97.68,41.88225806,19.05085,3.29035,2.765,0,0.2212,18.82965,0.47005,0.163135,0.064175846,4.34,27.65,0.36498,0.343121175,0.336903009,0.319975817,0.999994846,63.18835268,26.029,0.027475894,0.027476036,16.73952,17.43022,751892,118.5634027
68,Voirinkeli / Bagel,70,Carbohydrate,Not HPF,MED,HED,PF,MPF,50.54032258,56.76612903,32.27419355,43.80483871,0.338709677,127.1883871,54.2,21.27216,2.18176,3.23855,0,3.23855,18.03361,0.54544,0.310219,0.122037372,3.52,34.09,0.160223,0.345131859,0.336719323,0.318148818,0.999994098,63.28443222,27.96401,0.024951558,0.024951706,16.87557,17.46469,486639,76.73652031
69,Vuohenjuusto / Goat cheese,71,Fat,Not HPF,MED,HED,PF,MPF,63.35483871,74.30645161,48.93387097,47.53548387,2.709677419,136.323871,68.62258065,0.202,10.1,7.272,0,0.202,0,7.272,0.606,0.238394965,2.97,40.4,0.80598,0.338486058,0.336191851,0.325322092,0.999998504,54.80759858,23.81098,0.025838588,0.025838627,15.77237,16.73184,336214,53.01649157
70,Ylikypsä Kinkku / Ham,72,Fat,Not HPF,LED,LED,UPF,UPF,56.81451613,76.02096774,47.12903226,63.69354839,5.870967742,168.8593548,64.20322581,0,3.6,21.72,0,0,0,1.44,0,0,1,120,1.356,0.346299376,0.333115697,0.320584927,0.999999002,68.70486016,32.31779,0.027887403,0.02788743,16.99794,17.64942,840349,132.5118992
